{
  "optimal_epsilon": 0.01,
  "optimal_tradeoff_score": 0.39210356228869825,
  "current_epsilon": 0.5,
  "current_tradeoff_score": 0.41305701511988235,
  "is_optimal": false,
  "epsilon_values_tested": [
    0.001,
    0.01,
    0.02,
    0.05,
    0.1,
    0.5,
    1.0,
    2.0
  ],
  "tradeoff_scores": [
    0.4078504145498256,
    0.39210356228869825,
    0.4014884824663548,
    0.39975161322657693,
    0.4081035652751889,
    0.41305701511988235,
    0.41740976124326,
    0.4256466580962904
  ]
}