epsilon,avg_accuracy_loss,std_accuracy_loss,avg_privacy_protection,std_privacy_protection,tradeoff_score,duration_seconds
0.001,0.30153804544212615,0.18431421374771065,0.8653620635772503,0.11054178497583025,0.4078504145498256,0.0028030872344970703
0.01,0.2735522048311088,0.18021601647087343,0.8601388030498353,0.10902966475156031,0.39210356228869825,0.0027539730072021484
0.02,0.2955740515958514,0.17823549327132418,0.8792797424557801,0.11742564957556015,0.4014884824663548,0.0025708675384521484
0.05,0.291174619152631,0.18091265537424994,0.8747657913250082,0.11659111758211223,0.39975161322657693,0.0025577545166015625
0.1,0.3000710178124629,0.17981052832496505,0.8596952270614447,0.11098035433601572,0.4081035652751889,0.002618074417114258
0.5,0.30379697749747353,0.17780225733431712,0.8461058568930092,0.11513925867250038,0.41305701511988235,0.0027780532836914062
1.0,0.3016703330100943,0.1724872136304938,0.817962192813983,0.11518065380512946,0.41740976124326,0.002717256546020508
2.0,0.297242570980891,0.16576403383016944,0.7634944224612213,0.10812120384582724,0.4256466580962904,0.0026710033416748047
