configuration,avg_accuracy_loss,std_accuracy_loss,accuracy_preservation,accuracy_preservation_percent,duration_seconds
Original (No Privacy),0.0,0.0,1.0,100.0,0.0005729198455810547
Quantum-Aware Privacy Alone,0.3186967282041236,0.2025700100216741,0.6813032717958765,68.13032717958765,0.002156972885131836
Classical Privacy Alone (No Normalization),0.9113466969470955,0.2034440995930878,0.08865330305290453,8.865330305290453,0.0013842582702636719
Quantum State Preservation Alone,1.1879386363489176e-16,1.5563331126650965e-16,0.9999999999999999,99.99999999999999,0.000978231430053711
Privacy + Quantum Preservation (No Separate Normalization),0.32507823657807594,0.18334590951040666,0.674921763421924,67.4921763421924,0.002009153366088867
All Three Together (SPOTS),0.3148419128967242,0.1798169980589127,0.6851580871032759,68.51580871032759,0.0024890899658203125
