{
  "control": {
    "attendance_rate": 0.036,
    "conversion_rate": 0.0017999999999999995,
    "gross_revenue_per_event": 1800.0,
    "net_profit_per_event": -444.0,
    "total_gross_revenue": 900000.0,
    "total_net_profit": -222000.0,
    "roi": -0.1978609625668449
  },
  "test": {
    "attendance_rate": 0.059158,
    "conversion_rate": 0.19949362574897916,
    "gross_revenue_per_event": 2957.9,
    "net_profit_per_event": 2274.165864347216,
    "total_gross_revenue": 1478950.0,
    "total_net_profit": 1137082.932173608,
    "roi": 3.4193071934175343
  },
  "improvements": {
    "attendance_rate": {
      "improvement": 0.643277777777778,
      "improvement_x": 1.643277777777778
    },
    "conversion_rate": {
      "improvement": 109.82979208276623,
      "improvement_x": 110.82979208276623
    },
    "gross_revenue_per_event": {
      "improvement": 0.6432777777777778,
      "improvement_x": 1.6432777777777778
    }
  }
}