{
  "entropy": {
    "homogenization": 0.46326141224168726,
    "initial_entropy": 2.295929095118477,
    "current_entropy": 1.2323137401071123,
    "per_dimension_entropies": {
      "initial": [
        2.337266285741351,
        2.279716537828405,
        2.22374043600283,
        2.2221401381772186,
        2.194029974639155,
        2.3377258179241385,
        2.3313800257913524,
        2.293833613074959,
        2.3429414965758575,
        2.347306536603979,
        2.2799076139550367,
        2.361160665107444
      ],
      "current": [
        1.280436754402536,
        1.2065667000147506,
        1.134048950070754,
        1.1683870212018888,
        1.196593756630584,
        1.241577868886805,
        1.222184719330684,
        1.1808347284832343,
        1.3253177892621824,
        1.2163735388668513,
        1.2165721696725689,
        1.3988708844625066
      ]
    }
  },
  "correlation": {
    "homogenization": 0.029225613594044547,
    "initial_avg_correlation": 0.242798798899626,
    "current_avg_correlation": 0.26492846861593194
  },
  "distribution_shift": {
    "avg_ks_statistic": 0.375,
    "per_dimension_ks": [
      0.38,
      0.35,
      0.41,
      0.36,
      0.41,
      0.36,
      0.38,
      0.4,
      0.36,
      0.35,
      0.38,
      0.36
    ],
    "per_dimension_p_values": [
      8.001543644272532e-07,
      7.850159128072286e-06,
      6.617357604827955e-08,
      3.751914289152195e-06,
      6.617357604827955e-08,
      3.751914289152195e-06,
      8.001543644272532e-07,
      1.5550790371345692e-07,
      3.751914289152195e-06,
      7.850159128072286e-06,
      8.001543644272532e-07,
      3.751914289152195e-06
    ]
  },
  "pca": {
    "homogenization": 0.09090909090909094,
    "initial_components_95": 11,
    "current_components_95": 10,
    "initial_variance_ratio": [
      0.13531336383891562,
      0.12701135452146756,
      0.11453377964471508,
      0.1046619583838231,
      0.09458470502101006,
      0.08175473897908482,
      0.07828841733553403,
      0.07648895778537393,
      0.07213927953107054,
      0.06377442329326907,
      0.045458062826246655,
      0.005990958839489522
    ],
    "current_variance_ratio": [
      0.14889339320334333,
      0.12953241364878276,
      0.11237860697174937,
      0.10806264986711712,
      0.09632005037834712,
      0.08577420913324643,
      0.07807575872127864,
      0.07141625292136515,
      0.06752045071545701,
      0.05509549850359408,
      0.042819562911997885,
      0.004111153023721015
    ]
  },
  "cosine_similarity": {
    "homogenization": 0.8930257957689307,
    "initial_avg_similarity": 0.7502133865463589,
    "current_avg_similarity": 0.973279275798223,
    "similarity_distribution": {
      "initial": {
        "mean": 0.7502133865463589,
        "std": 0.08876068124214355,
        "min": 0.3979016959050099,
        "max": 0.9738479752703939
      },
      "current": {
        "mean": 0.973279275798223,
        "std": 0.01271204579338541,
        "min": 0.9051875920785452,
        "max": 0.9980448575068813
      }
    }
  },
  "variance_ratio": {
    "per_dimension_homogenization": [
      0.9149916331569005,
      0.9121891901518671,
      0.9198509997345301,
      0.9228938714664827,
      0.9227980160697248,
      0.9173794035360147,
      0.9141103982192845,
      0.9249547036751521,
      0.9162203514249477,
      0.9107314733605069,
      0.9141280050342657,
      0.9100031665624024
    ],
    "average_homogenization": 0.9166876010326733,
    "max_homogenization": 0.9249547036751521,
    "min_homogenization": 0.9100031665624024,
    "std_homogenization": 0.004755405604059489
  }
}