threshold,threshold_percent,homogenization_rate,homogenization_percent,duration_seconds,distance_from_target
0.15,15.0,0.6741302747338196,67.41302747338196,2.3879008293151855,32.85302747338196
0.16,16.0,0.692631046366164,69.2631046366164,2.336599826812744,34.7031046366164
0.17,17.0,0.7039086605318212,70.39086605318212,2.355323076248169,35.83086605318212
0.18,18.0,0.7075962407601353,70.75962407601352,2.293142080307007,36.19962407601352
0.1836,18.360000000000003,0.7121001133920601,71.21001133920602,2.3173680305480957,36.65001133920602
0.19,19.0,0.713996360764031,71.3996360764031,2.296060085296631,36.839636076403096
0.2,20.0,0.7191844503955681,71.91844503955681,2.293973922729492,37.35844503955681
0.25,25.0,0.7233140945456832,72.33140945456832,2.337428092956543,37.771409454568314
0.3,30.0,0.7219847621144581,72.19847621144581,2.4188621044158936,37.638476211445806
