category,expert_count,target_experts,saturation_score,status,supply_ratio,quality_score,utilization_rate,demand_signal,growth_rate,geographic_dist
health,197,19.700000000000003,0.9250420765463521,oversaturated,9.999999999999998,1.0754720901647608,0.8111671411362271,0.8534691135153863,0.07276702537885306,0.9692683787999351
business,212,21.200000000000003,0.8152477332429643,oversaturated,9.999999999999998,1.0663977018004671,0.334440700925544,0.7843810046154576,0.1411725376759814,0.6742290200544347
art,204,20.400000000000002,0.893329395120075,oversaturated,9.999999999999998,1.0597224611990606,0.818111025662188,0.9851238304290962,0.06630906689665242,0.5368505628680844
science,200,20.0,0.8401429248835517,oversaturated,10.0,1.0717820676757328,0.708606355057462,0.4654955072622606,0.11812520033039833,0.6424091424757377
technology,187,18.7,0.7971933830503664,balanced,10.0,1.0683560296071726,0.44168598085166055,0.6914091279600489,0.07249133321016411,0.6898227855442829
