epsilon,avg_correlation,avg_noise,privacy_level
0.01,-0.018089913669597606,0.5086116654147638,MAXIMUM
0.02,-0.054874066162446125,0.515871334736227,HIGH
0.1,0.013150976491147336,0.48369059918991586,STANDARD
