num_pairs,total_time_seconds,time_per_pair_ms,throughput_pairs_per_sec
100,0.0008308887481689453,0.008308887481689453,120353.05595408895
500,0.00436091423034668,0.00872182846069336,114654.85758023072
1000,0.008594989776611328,0.008594989776611328,116346.85159500694
5000,0.04324507713317871,0.008649015426635742,115620.09670145494
