relationship_type,compatible_pairs,incompatible_pairs,avg_compatible_stability,avg_incompatible_stability,stability_difference,avg_compatible_harmony,avg_incompatible_harmony,stability_validation
friendship,990,990,0.4436769587124197,0.2563501872574236,0.1873267714549961,1.0,0.8832580677592403,True
mentorship,990,990,0.41305894276979277,0.24132409669399282,0.17173484607579995,1.0,0.8651772596784323,True
romantic,990,990,0.4436769587124197,0.2563501872574236,0.1873267714549961,1.0,0.9364398859410585,True
collaborative,990,990,0.4436769587124197,0.2563501872574236,0.1873267714549961,1.0,0.8364398859410584,True
professional,990,990,0.5243236315726434,0.277252316326793,0.2470713152458504,1.0,0.8364398859410584,True
