{
  "control": {
    "temporal_compatibility": 0.9389166666666665,
    "prediction_accuracy": 0.7937000000000001,
    "user_satisfaction": 0.6009157394033912,
    "timezone_matching_accuracy": 0.0
  },
  "test": {
    "temporal_compatibility": 0.973,
    "prediction_accuracy": 0.85141932328648,
    "user_satisfaction": 0.7484461051618612,
    "timezone_matching_accuracy": 0.9684253223718563
  },
  "improvements": {
    "temporal_compatibility": {
      "percentage": 3.630070116268764,
      "multiplier": 1.0363007011626877
    },
    "prediction_accuracy": {
      "percentage": 7.272183858697226,
      "multiplier": 1.0727218385869723
    },
    "user_satisfaction": {
      "percentage": 24.550923879102083,
      "multiplier": 1.245509238791021
    }
  },
  "statistical_tests": {
    "temporal_compatibility": {
      "t_statistic": -4.975428872696792,
      "p_value": 7.067473946117643e-07,
      "cohens_d": 0.22250794353130351,
      "control_ci_95": [
        0.9300037182523325,
        0.9478296150810005
      ],
      "test_ci_95": [
        0.9629369382422226,
        0.9830630617577774
      ],
      "statistically_significant": "True",
      "large_effect_size": "False"
    },
    "prediction_accuracy": {
      "t_statistic": -26.62798823237014,
      "p_value": 5.929719914355015e-134,
      "cohens_d": 1.190839835832882,
      "control_ci_95": [
        0.7910293677830642,
        0.7963706322169359
      ],
      "test_ci_95": [
        0.8481085977229968,
        0.8547300488499631
      ],
      "statistically_significant": "True",
      "large_effect_size": "True"
    },
    "user_satisfaction": {
      "t_statistic": -72.87662501564085,
      "p_value": 0.0,
      "cohens_d": 3.2591417501146926,
      "control_ci_95": [
        0.5973863967050568,
        0.6044450821017255
      ],
      "test_ci_95": [
        0.7466227084610784,
        0.750269501862644
      ],
      "statistically_significant": "True",
      "large_effect_size": "True"
    },
    "timezone_matching_accuracy": {
      "t_statistic": -189.3743301007598,
      "p_value": 0.0,
      "cohens_d": 8.46907750597567,
      "control_ci_95": [
        NaN,
        NaN
      ],
      "test_ci_95": [
        0.9583902708361456,
        0.978460373907567
      ],
      "statistically_significant": "True",
      "large_effect_size": "True"
    }
  }
}