baseline,baseline_rmse,avrai_rmse,improvement_pct
Collaborative Filtering,0.16926588093488085,0.3297142117114898,-94.79071026625611
Quantum-Based (Simple),0.2527861805357832,0.3297142117114898,-30.432055665644665
Graph Neural Network,0.4349580800894884,0.3297142117114898,24.19632447254358
Matrix Factorization (NMF),0.511977036022409,0.3297142117114898,35.59980457852833
Matrix Factorization (SVD),0.5131977011080164,0.3297142117114898,35.75298349941508
