method,mse,mae,rmse,r2
Collaborative Filtering,0.028650938448661258,0.12865608724872574,0.16926588093488085,-0.2903324718802587
Quantum-Based (Simple),0.06390085306986958,0.22604658002757153,0.2527861805357832,-1.877858463332629
AVRAI Quantum + Knot,0.1087114614045291,0.30507498691863244,0.3297142117114898,-3.8959627960240795
Graph Neural Network,0.18918853143513378,0.40865274673157637,0.4349580800894884,-7.520352862281156
Matrix Factorization (NMF),0.262120485414291,0.48508257604324506,0.511977036022409,-10.80493876251649
Matrix Factorization (SVD),0.263371880422553,0.48309762668922834,0.5131977011080164,-10.861296972813955
