round,avg_expertise,avg_partnerships,partnerships_formed
1,0.6755890311668237,0.404,202
2,0.6828089095649683,0.808,202
3,0.695832629151761,1.212,202
4,0.7123456532000714,1.616,202
5,0.7284560534446618,2.02,202
6,0.7418062647785791,2.424,202
7,0.7514707560389778,2.828,202
8,0.7588057717824035,3.232,202
9,0.7628984861018777,3.636,202
10,0.7658127902576094,4.04,202
