{
  "control": {
    "attendance_rate": 0.09,
    "conversion_rate": 0.0015,
    "gross_revenue_per_event": 4500.0,
    "net_profit_per_event": -2160.0,
    "total_gross_revenue": 2250000.0,
    "total_net_profit": -1080000.0,
    "roi": -0.3243243243243244
  },
  "test": {
    "attendance_rate": 0.059158,
    "conversion_rate": 0.19949362574897916,
    "gross_revenue_per_event": 2957.9,
    "net_profit_per_event": 2274.165864347216,
    "total_gross_revenue": 1478950.0,
    "total_net_profit": 1137082.932173608,
    "roi": 3.4193071934175343
  },
  "improvements": {
    "attendance_rate": {
      "improvement": -0.3426888888888888,
      "improvement_x": 0.6573111111111112
    },
    "conversion_rate": {
      "improvement": 131.99575049931943,
      "improvement_x": 132.99575049931943
    },
    "gross_revenue_per_event": {
      "improvement": -0.3426888888888889,
      "improvement_x": 0.6573111111111112
    }
  }
}