{
  "0.0-0.3": {
    "success_rate": 0.42971639950678175,
    "avg_quality": 0.4779371342109897,
    "avg_learning": 0.46304400445084304
  },
  "0.3-0.5": {
    "success_rate": 0.5238095238095238,
    "avg_quality": 0.5110257868531576,
    "avg_learning": 0.5136715812880495
  }
}