{
  "control": {
    "attendance_rate": 0.03,
    "conversion_rate": 0.0015,
    "gross_revenue_per_event": 1500.0,
    "net_profit_per_event": -720.0,
    "total_gross_revenue": 750000.0,
    "total_net_profit": -360000.0,
    "roi": -0.3243243243243244
  },
  "test": {
    "attendance_rate": 0.058754,
    "conversion_rate": 0.19854970505672243,
    "gross_revenue_per_event": 2937.7,
    "net_profit_per_event": 2258.2472403553047,
    "total_gross_revenue": 1468850.0,
    "total_net_profit": 1129123.6201776525,
    "roi": 3.412013370315396
  },
  "improvements": {
    "attendance_rate": {
      "improvement": 0.9584666666666668,
      "improvement_x": 1.9584666666666668
    },
    "conversion_rate": {
      "improvement": 131.36647003781493,
      "improvement_x": 132.36647003781493
    },
    "gross_revenue_per_event": {
      "improvement": 0.9584666666666666,
      "improvement_x": 1.9584666666666666
    }
  }
}