initial_diversity,final_diversity,convergence_rate,avg_distance_from_network_avg,homogenization_rate
1.4202104073224235,6.837444462258208e-12,0.9999999999951856,4.6435783453730075e-12,0.9999999999951856
