initial_diversity,final_diversity,convergence_rate,avg_distance_from_network_avg,homogenization_rate,num_months
1.4202104073224235,2.7778170299332905e-16,0.9999999999999999,2.4221590449995922e-15,0.9999999999999998,24
