initial_diversity,final_diversity,convergence_rate,avg_distance_from_network_avg,homogenization_rate,num_months
0.6952295423469005,0.09419181376190311,0.8645169573146476,0.06593525462608184,0.8645169573146476,6
