initial_diversity,final_diversity,convergence_rate,avg_distance_from_network_avg,homogenization_rate,num_months
1.4202104073224235,2.839455896554807e-16,0.9999999999999999,1.9775944639362233e-15,0.9999999999999998,12
