baseline_homogenization,solution_homogenization,homogenization_prevention,prevention_rate
0.9999999999998506,0.7402984763263756,0.259701523673475,0.2597015236735138
