threshold,threshold_value,initial_diversity,final_diversity,homogenization_rate
No limit,1.0,1.4202104073224235,2.3883033574401557e-12,0.9999999999983183
20%,0.2,1.4202104073224235,0.6822151726953263,0.5196379570393852
30%,0.3,1.4202104073224235,0.3691402463523925,0.7400805933760571
40%,0.4,1.4202104073224235,0.12318256638453667,0.9132645657647465
50%,0.5,1.4202104073224235,0.006949450622906263,0.995106745741986
