threshold,threshold_value,initial_diversity,final_diversity,homogenization_rate,num_months
No limit,1.0,1.4202104073224235,2.5837165471706887e-16,0.9999999999999998,24
18.36%,0.1836,1.4202104073224235,0.7404848745598243,0.4786090351528346,24
20%,0.2,1.4202104073224235,0.6789737604762734,0.5219203035158935,24
30%,0.3,1.4202104073224235,0.3685262112507498,0.7405129483978743,24
40%,0.4,1.4202104073224235,0.12367915972457692,0.9129149039558484,24
50%,0.5,1.4202104073224235,0.0016012407298578676,0.9988725327447242,24
