threshold,threshold_value,initial_diversity,final_diversity,homogenization_rate,num_months
No limit,1.0,1.4202104073224235,3.623382811173295e-16,0.9999999999999998,120
18.36%,0.1836,1.4202104073224235,0.7410215506801038,0.4782311502158474,120
20%,0.2,1.4202104073224235,0.6818232110121588,0.5199139454993673,120
30%,0.3,1.4202104073224235,0.3683046820791098,0.7406689317440727,120
40%,0.4,1.4202104073224235,0.12328218370713695,0.9131944231139909,120
50%,0.5,1.4202104073224235,6.271435290871456e-06,0.9999955841505889,120
