threshold,baseline_homogenization,with_mechanisms_homogenization,improvement,improvement_percent
No limit,0.8612793398389189,0.7225650836900948,0.13871425614882416,16.105605897242032
18.36%,0.809828266896206,0.711719574991314,0.09810869190489202,12.114752709350217
20%,0.8328199477203936,0.718001370961201,0.1148185767591926,13.786722697201911
30%,0.8609391684457014,0.725252657309394,0.13568651113630736,15.760290170241568
40%,0.865237170794975,0.7215599053652362,0.1436772654297388,16.605535485458738
50%,0.8637138615480139,0.7250861760428531,0.1386276855051608,16.050186488462938
