threshold,threshold_value,initial_diversity,final_diversity,homogenization_rate,use_mechanisms,num_months
No limit,1.0,0.6952295423469005,0.09644270107784836,0.8612793398389189,False,6
18.36%,0.1836,0.6952295423469005,0.1322130069730676,0.809828266896206,False,6
20%,0.2,0.6952295423469005,0.11622851123588167,0.8328199477203936,False,6
30%,0.3,0.6952295423469005,0.09667919827987446,0.8609391684457014,False,6
40%,0.4,0.6952295423469005,0.09369110007358304,0.865237170794975,False,6
50%,0.5,0.6952295423469005,0.0947501496642006,0.8637138615480139,False,6
