threshold,threshold_value,initial_diversity,final_diversity,homogenization_rate,num_months
No limit,1.0,1.4202104073224235,2.445798602224518e-16,0.9999999999999998,60
18.36%,0.1836,1.4202104073224235,0.7374376377643475,0.4807546586321202,60
20%,0.2,1.4202104073224235,0.6812403325778577,0.5203243624568096,60
30%,0.3,1.4202104073224235,0.3672328463398137,0.7414236338176315,60
40%,0.4,1.4202104073224235,0.12319708699911007,0.9132543414948083,60
50%,0.5,1.4202104073224235,0.00020460940692259126,0.9998559302157852,60
