threshold,threshold_value,initial_diversity,final_diversity,homogenization_rate,num_months
No limit,1.0,1.4202104073224235,3.061520816087937e-16,0.9999999999999998,12
18.36%,0.1836,1.4202104073224235,0.7398192196337655,0.4790777367780492,12
20%,0.2,1.4202104073224235,0.6838926400678499,0.5184568170027577,12
30%,0.3,1.4202104073224235,0.3683951038258324,0.7406052638915795,12
40%,0.4,1.4202104073224235,0.12301178784280777,0.9133848145256684,12
50%,0.5,1.4202104073224235,0.0030522753583125646,0.9978508287627134,12
