threshold,threshold_value,initial_diversity,final_diversity,homogenization_rate,use_mechanisms,num_months
No limit,1.0,0.6952295423469005,0.19288094989718607,0.7225650836900948,True,6
18.36%,0.1836,0.6952295423469005,0.20042106794635872,0.711719574991314,True,6
20%,0.2,0.6952295423469005,0.19605377780909763,0.718001370961201,True,6
30%,0.3,0.6952295423469005,0.19101246931981705,0.725252657309394,True,6
40%,0.4,0.6952295423469005,0.19357977956395447,0.7215599053652362,True,6
50%,0.5,0.6952295423469005,0.1911282120145636,0.7250861760428531,True,6
