threshold,threshold_value,initial_diversity,final_diversity,homogenization_rate,num_months
No limit,1.0,0.6952295423469005,0.09515361218196436,0.8631335316092116,6
18.36%,0.1836,0.6952295423469005,0.13218888704174753,0.8098629603749075,6
20%,0.2,0.6952295423469005,0.11658588076966933,0.8323059167248446,6
30%,0.3,0.6952295423469005,0.09437789422795909,0.8642493040365262,6
40%,0.4,0.6952295423469005,0.09352631073273009,0.865474199475167,6
50%,0.5,0.6952295423469005,0.09461190820480717,0.8639127044494919,6
