{
  "experiment": "Real-Time Stream Processing Latency",
  "avg_latency_ms": 0.0009312629699707031,
  "max_latency_ms": 0.032901763916015625,
  "p95_latency_ms": 0.0011920928955078125,
  "p99_latency_ms": 0.0012016296386718663,
  "meets_target_rate": 1.0,
  "target_latency_ms": 1000.0,
  "num_samples": 500
}