category,predicted_growth_rate,ground_truth_growth_rate,predicted_acceleration,ground_truth_acceleration,predicted_emerging,ground_truth_emerging,confidence
technology,-0.048093361420410125,-0.07212323106385583,-0.09728323539528408,0.007142203950198108,False,True,0.5826028998172406
science,0.021352657831440382,0.005721630491270953,0.0920444872522013,0.013271268000638851,False,True,0.5029277519238872
art,0.11932482211881208,0.2405116228300625,0.22517548385134648,-0.011737111581435688,False,True,1.0
philosophy,0.10466779623932938,0.20098437679605666,0.1641884534365732,-0.011412767789113288,False,True,1.0
business,0.022132884595437843,0.03256145423160135,0.005506219360595243,0.003241305972242085,False,True,0.0717968659938519
health,0.1480707756110631,0.2502097827262192,0.2655034496873145,0.013454719062238581,False,True,1.0
education,0.08850946671283443,0.14409375379697675,0.12338474378589766,0.01918343855270177,False,True,0.7939426523551572
sports,0.03924841801947862,0.05075879142621119,0.04473683964207838,0.024743618711038102,False,True,0.3021810342493491
