category,fused_score,normalized_fused,ground_truth_activity,ai_contribution,community_contribution,temporal_contribution,location_contribution,total_contribution
technology,66.08482117108709,0.6608482117108708,64.60857843944291,19.873172599445688,26.380761255522483,13.218274609875918,6.6126127062430005,66.08482117108709
