{
  "control": {
    "attendance_rate": 0.037,
    "conversion_rate": 0.0018750000000000004,
    "gross_revenue_per_event": 1850.0,
    "net_profit_per_event": -398.0,
    "total_gross_revenue": 925000.0,
    "total_net_profit": -199000.0,
    "roi": -0.17704626334519571
  },
  "test": {
    "attendance_rate": 0.059158,
    "conversion_rate": 0.19949362574897916,
    "gross_revenue_per_event": 2957.9,
    "net_profit_per_event": 2274.165864347216,
    "total_gross_revenue": 1478950.0,
    "total_net_profit": 1137082.932173608,
    "roi": 3.4193071934175343
  },
  "improvements": {
    "attendance_rate": {
      "improvement": 0.598864864864865,
      "improvement_x": 1.598864864864865
    },
    "conversion_rate": {
      "improvement": 105.39660039945554,
      "improvement_x": 106.39660039945554
    },
    "gross_revenue_per_event": {
      "improvement": 0.5988648648648649,
      "improvement_x": 1.598864864864865
    }
  }
}