,correlation,p_value,precision,recall,f1_score,mae,rmse
quantum,1.0,0.0,1.0,1.0,1.0,0.0,0.0
classical_cosine,0.9963168247179143,0.0,0.25925421883505717,1.0,0.4117583486436831,0.17711985628765653,0.18247041663945623
classical_euclidean,0.9986561134542795,0.0,0.19099659113695608,1.0,0.32073406852428654,0.22445583526837198,0.24446748190612633
classical_weighted,0.9986561134542793,0.0,0.19099659113695608,1.0,0.32073406852428654,0.22445583526837198,0.24446748190612633
