scenario,noise_level,noise_type,accuracy,robustness,accuracy_loss
10% missing,0.1,missing,0.4646650120372032,0.8237746563623768,0.09940309621107729
20% missing,0.2,missing,0.3810211297464472,0.6754878075445754,0.18304697850183327
30% missing,0.3,missing,0.32333025033122403,0.5732113650873288,0.24073785791705643
Gaussian σ=0.1,0.1,gaussian,0.6523456618066564,1.1565015860097514,-0.08827755355837597
Gaussian σ=0.2,0.2,gaussian,0.9303075524744849,1.6492823098323446,-0.36623944422620447
