num_pairs,total_time_seconds,time_per_pair_ms,throughput_pairs_per_sec
100,0.00011277198791503906,0.0011277198791503906,886745.0317124736
500,0.0004801750183105469,0.0009603500366210936,1041286.9910625621
1000,0.0010099411010742188,0.0010099411010742188,990156.7516525023
5000,0.004405021667480469,0.0008810043334960937,1135068.1965793462
10000,0.008656978607177734,0.0008656978607177734,1155137.427705866
