round,convergence_error,universal_model_norm
1,0.031211493165800786,1.7557621893366433
2,0.0291174028938887,1.7629891272351024
3,0.026073362616079693,1.7567186558124106
4,0.025802591324416688,1.740078899121945
5,0.03650783510909228,1.76310953047602
6,0.03286066826951435,1.7518237292294614
7,0.031801124053372966,1.7577183689518676
8,0.02853004277416095,1.7543502188089664
9,0.024515748593943863,1.7497827400285755
10,0.03346456079159432,1.7543168613105835
