noise_level,robustness,lipschitz_constant
0.1,0.9513008464505248,1.6192425783527087
0.2,0.8193563213506183,1.0126582768475092
0.3,0.6868503149126967,1.4866311617407781
