num_agents,health_scoring_time_ms,aggregation_time_ms,pleasure_calculation_time_ms
100,0.0171661376953125,0.21791458129882812,0.00011920928955078125
500,0.07200241088867188,1.1208057403564453,0.00013828277587890625
1000,0.10704994201660156,1.8877983093261719,0.00011920928955078125
5000,0.5497932434082031,9.852886199951172,0.00013113021850585938
