{
  "control": {
    "attendance_rate": 0.201,
    "conversion_rate": 0.004036499999999999,
    "gross_revenue_per_event": 10050.0,
    "net_profit_per_event": 2946.0,
    "total_gross_revenue": 5025000.0,
    "total_net_profit": 1473000.0,
    "roi": 0.41469594594594594
  },
  "test": {
    "attendance_rate": 0.059158,
    "conversion_rate": 0.19949362574897916,
    "gross_revenue_per_event": 2957.9,
    "net_profit_per_event": 2274.165864347216,
    "total_gross_revenue": 1478950.0,
    "total_net_profit": 1137082.932173608,
    "roi": 3.4193071934175343
  },
  "improvements": {
    "attendance_rate": {
      "improvement": -0.7056815920398011,
      "improvement_x": 0.294318407960199
    },
    "conversion_rate": {
      "improvement": 48.42242679276086,
      "improvement_x": 49.42242679276086
    },
    "gross_revenue_per_event": {
      "improvement": -0.7056815920398011,
      "improvement_x": 0.29431840796019904
    },
    "net_profit_per_event": {
      "improvement": -0.22804960477012354,
      "improvement_x": 0.7719503952298764
    },
    "total_net_profit": {
      "improvement": -0.22804960477012348,
      "improvement_x": 0.7719503952298765
    },
    "roi": {
      "improvement": 7.245335472518046,
      "improvement_x": 8.245335472518047
    }
  }
}