scenario,enhanced_compatibility,personality_compatibility,difference
Both Calm,0.7476771776303777,0.4240171097023199,0.32366006792805774
Both Energized,0.7867057617902804,0.4240171097023199,0.3626886520879605
Mismatched States,0.4716084233689693,0.4240171097023199,0.04759131366664937
