gamma,avg_pattern_diversity,avg_learning_effectiveness,avg_ideal_state_convergence,avg_over_optimization,tradeoff_score,duration_seconds
0.0,0.37174977996106423,0.05320109781158774,0.3268911242247174,0.8088051416449458,0.461688406102139,0.0020961761474609375
0.0001,0.33841769831507557,0.05373631934741283,0.3559373272198593,0.7271414828178698,0.41596309308814117,0.008376121520996094
0.0005,0.25160823196646287,0.056671307091866296,0.46629739012612487,0.4024208241408683,0.2267700078383244,0.008587121963500977
0.001,0.19646513845534572,0.05928021861837096,0.5399787074451026,0.2513350332126051,0.1399630590126065,0.00853586196899414
0.002,0.14569151288600024,0.061963758508443476,0.6076856708849322,0.15401416908811652,0.08484035450372945,0.008654117584228516
0.005,0.09855321746498086,0.06458572828540836,0.6709996166664581,0.09150270279877312,0.0498886532750284,0.008563995361328125
0.01,0.07874206883208852,0.06572358198820037,0.6984982623297049,0.07525870899479908,0.040835693231869585,0.008517026901245117
0.02,0.0685365234727574,0.06632745711983647,0.7128293757896603,0.0721190814022577,0.03903195362647478,0.00857090950012207
0.05,0.0627168920922666,0.06666718713819546,0.7207610881776209,0.07199177446189309,0.03891141934702792,0.008669853210449219
