{
  "optimal_gamma": 0.05,
  "optimal_tradeoff_score": 0.03891141934702792,
  "current_gamma": 0.001,
  "current_tradeoff_score": 0.1399630590126065,
  "is_optimal": false,
  "gamma_values_tested": [
    0.0,
    0.0001,
    0.0005,
    0.001,
    0.002,
    0.005,
    0.01,
    0.02,
    0.05
  ],
  "tradeoff_scores": [
    0.461688406102139,
    0.41596309308814117,
    0.2267700078383244,
    0.1399630590126065,
    0.08484035450372945,
    0.0498886532750284,
    0.040835693231869585,
    0.03903195362647478,
    0.03891141934702792
  ],
  "simulation_months": 12,
  "num_ideal_states_tracked": 5
}