{
  "experiment": "Real-Time Monitoring Latency",
  "avg_latency_ms": 0.009653091430664062,
  "max_latency_ms": 0.016927719116210938,
  "p95_latency_ms": 0.010013580322265625,
  "meets_target_rate": 1.0,
  "target_latency_ms": 3000.0,
  "num_samples": 500
}