confidence,quantum_weight,neural_weight,avg_score
0.0,0.7,0.3,0.6664110994714436
0.25,0.625,0.375,0.6753735709293254
0.5,0.55,0.44999999999999996,0.6758031757861898
0.75,0.4750000000000001,0.5249999999999999,0.6873130055256437
1.0,0.4,0.6,0.683482209988741
