round,avg_calling_score,positive_outcomes,negative_outcomes,no_actions
1,0.9996470511142235,42145,17948,39907
2,0.9996732821197799,42040,17994,39966
3,0.9996885824279348,41885,17872,40243
4,0.9997201184961908,42128,17762,40110
5,0.9997534118541274,41977,17841,40182
6,0.9997784155956152,42062,17945,39993
7,0.9997896441977803,41741,17930,40329
8,0.9998091248017807,42041,17937,40022
9,0.9998221774942833,41995,17901,40104
10,0.9998318587565198,41760,18015,40225
