epsilon,true_avg,private_avg,privacy_loss,noise_scale
0.5,0.24606341806857365,0.5191964423649666,0.27313302429639297,2.0
1.0,0.24606341806857365,0.1303569666514276,0.11570645141714606,1.0
2.0,0.24606341806857365,0.24793454280133287,0.0018711247327592162,0.5
5.0,0.24606341806857365,0.25191505410158993,0.0058516360330162775,0.2
