gamma,avg_pattern_diversity,has_decoherence
0.0,0.05537449529143334,False
0.001,0.054356871879371625,True
0.005,0.056542913530098216,True
0.01,0.06134667329985418,True
