num_entities,avg_n_way,avg_sequential,avg_fabric,improvement_percent,fabric_improvement_percent
3,0.5949903337190805,0.5706763352311894,0.6446387980052541,4.260558391306186,12.960492350554789
5,0.6728957817622099,0.54704931192454,0.6348840243465927,23.0045933875572,16.056086811085997
7,0.6856432104772101,0.54844219622712,0.6135242555067915,25.016494936737633,11.866712613906863
10,0.758318165997414,0.5948458029814155,0.5854667279074116,27.481468675858796,-1.5767237537854755
